ID,title,IDTablet,imagen
3001,Imagen A vitrina 3A,3000,SALA-1-IR4.jpg
3002,Imagen B vitrina 3A,3000,SALA-1-IR5-A.jpg
3003,Imagen C vitrina 3A,3000,SALA-1-IR5-B.jpg
3004,Imagen A vitrina 3B,3500,SALA-1-IR6-A.jpg
3005,Imagen B vitrina 3B,3500,SALA-1-IR6-B.jpg
3006,Imagen C vitrina 3B,3500,SALA-1-IR7-A.jpg
3007,Imagen A vitrina 3C,3600,SALA-1-IR7-B.jpg
3008,Imagen B vitrina 3C,3600,SALA-1-IR8-A.jpg
3009,Imagen C vitrina 3C,3600,SALA-1-IR8-B.jpg
4001,Imagen A vitrina 4A,4000,SALA-1-IR9-A.jpg
4002,Imagen B vitrina 4A,4000,SALA-1-IR9-B.jpg
4003,Imagen A vitrina 4B,4500,SALA-1-IR10-A.jpg
4004,Imagen B vitrina 4B,4500,SALA-1-IR10-B.jpg
6001,Imagen A vitrina 6A,6,SALA-2-IR11-A.jpg
6002,Imagen B vitrina 6A,6,SALA-2-IR11-B.jpg
6003,Imagen A vitrina 6B,7,SALA-2-IR12-A.jpg
6004,Imagen B vitrina 6B,7,SALA-2-IR12-B.jpg
7001,Imagen A vitrina 7,8,SALA-2-IR13-A.jpg
7002,Imagen B vitrina 7,8,SALA-2-IR13-B.jpg
7003,Imagen C vitrina 7,8,SALA-2-IR14.jpg
8001,Imagen A vitrina 8,9,SALA-2-IR17-A.jpg
8002,Imagen B vitrina 8,9,SALA-2-IR17-B.jpg
8003,Imagen C vitrina 8,9,SALA-2-IR18-A.jpg
8004,Imagen D vitrina 8,9,SALA-2-IR18-B.jpg
9001,Imagen A vitrina 9A,10,SALA-2-IR15-A.jpg
9002,Imagen B vitrina 9A,10,SALA-2-IR15-B.jpg
9003,Imagen A vitrina 9B,11,SALA-2-IR16-A.jpg
10001,Imagen A vitrina 10A,12,SALA-2-IR19-A.jpg
10002,Imagen B vitrina 10A,12,SALA-2-IR19-B.jpg
10003,Imagen A vitrina 10B,13,SALA-2-IR20-A.jpg
10004,Imagen B vitrina 10B,13,SALA-2-IR20-B.jpg
11001,Imagen A vitrina 11A,14,SALA-2-IR21-A.jpg
11002,Imagen B vitrina 11A,14,SALA-2-IR21-B.jpg
11003,Imagen A vitrina 11B,15,SALA-2-IR22-A.jpg
11004,Imagen B vitrina 11B,15,SALA-2-IR22-B.jpg
12001,Imagen A vitrina 12A,12000,SALA-3-IR23-A.jpg
12002,Imagen B vitrina 12A,12000,SALA-3-IR23-B.jpg
12003,Imagen C vitrina 12A,12000,SALA-3-IR24-A.jpg
12004,Imagen A vitrina 12B,12500,SALA-3-IR24-B.jpg
12005,Imagen B vitrina 12B,12500,SALA-3-IR25-A.jpg
12006,Imagen C vitrina 12B,12500,SALA-3-IR25-B.jpg
13001,Imagen A vitrina 13A,13000,SALA-3-IR26-A.jpg
13002,Imagen B vitrina 13A,13000,SALA-3-IR26-B.jpg
13003,Imagen A vitrina 13B,13500,SALA-3-IR27-A.jpg
13004,Imagen B vitrina 13B,13500,SALA-3-IR27-B.jpg
13005,Imagen A vitrina 13C,13600,SALA-3-IR28-A.jpg
13006,Imagen B vitrina 13C,13600,SALA-3-IR28-B.jpg
13007,Imagen A vitrina 13D,13700,SALA-3-IR29-A.jpg
13008,Imagen B vitrina 13D,13700,SALA-3-IR29-B.jpg
14001,Imagen A vitrina 14,14000,SALA-3-T1-A.jpg
14002,Imagen B vitrina 14,14000,SALA-3-T1-B.jpg
15001,Imagen A vitrina 15,15000,SALA-3-T1-C.jpg
16001,Imagen A vitrina 16,16000,SALA-3-T2-A.jpg
16002,Imagen B vitrina 16,16000,SALA-3-T2-B.jpg
16003,Imagen C vitrina 16,16000,SALA-3-T2-C.jpg
16004,Imagen D vitrina 16,16000,SALA-3-T2-D.jpg
17001,Imagen A vitrina 17A,17000,SALA-3-T3-A.jpg
17002,Imagen B vitrina 17A,17000,SALA-3-T3-B.jpg
17003,Imagen A vitrina 17B,17500,SALA-3-T4-A.jpg
17004,Imagen B vitrina 17B,17500,SALA-3-T4-B.jpg
18001,Imagen A vitrina 18,18000,SALA-3-T5-A.jpg
18002,Imagen B vitrina 18,18000,SALA-3-T5-B.jpg
18003,Imagen C vitrina 18,18000,SALA-3-T5-C.jpg
18004,Imagen D vitrina 18,18000,SALA-3-T5-D.jpg
18005,Imagen E vitrina 18,18000,SALA-3-T5-E.jpg
18006,Imagen F vitrina 18,18000,SALA-3-T5-F.jpg
18007,Imagen G vitrina 18,18000,SALA-3-T5-G.jpg
18008,Imagen H vitrina 18,18000,SALA-3-T5-H.jpg